full_content,sentiment_label
"Puntqje corte usm Hola ya que ayer salieron los puntajes paes y hoy tengo q hacer las postulaciones, cren q suba mas de 30 puntos el puntaje de corte para este año considerando los años anteriores? O me alcanza para estudiar?",neutral
"¿Aplicaciones/páginas para ejercitar código? Ayer mientras estaba aburrido encontré CodeChef y lo encontré una forma bastante entretenida de ejercitar cosas básicas de lenguajes de programación en tiempos muertos, lamentablemente el mismo día termine los ejercicios de prueba gratuita ya que la gran mayoría eran bastante básicos. No estoy en momento de considerar los 19 dolares diarios o el plan anual que ofrece la página, lo que me hizo preguntarme ¿Hay más páginas de este estilo? ¿Cuáles recomiendan? ¿Hay gratuitas?

Me gusta arto esa clase de ejercicios y recuerdo a un profe mencionar que la usm tenía una página con pdfs de ejercicios que les pasaban a los alumnos, no se si será real, pero cualquier cosa sirve para entretenerme aunque sea escribiendo codigo simple en vez de haciendo doomscrolling.",neutral
"Ing en informática a los 28 Hola tal y como dice el título pienso entrar el prox año a estudiar a la usm ing en informática (dura 4 años). ¿Lo encuentran viable? O quizas sea mejor sacar un tec mas rapido y emtrar a trabajar?
Solo necesito opinionea, de ante mano gracias
(No tengo hijos que mantener)",neutral
"vale la pena cambio de usm a uch? Buenas, como el titulo lo dice, estoy pensando en cambiarme de u, desde la usm a la uch. Estoy en segundo año de ing civil informatica con los ramos de plan comun al dia. La cosa es que la usm me tiene aburridísimo en muchos aspectos:  los espacios de estudios en epoca de pruebas son casi nulos; la gente, siento que no encajo muy bien y encuentro muy fome a la mayoria; el campus no me gusta y otra cosa es el tiempo, se que la usm se caracteriza por ser una universidad dificil y la verdad me ha ido bien pero encuentro estupido que apenas tengamos tiempo libre, ya que tambien quiero tenerlo para distraerme y salir. Quería preguntar si valdrá la pena cambiarse según estos motivos, ya que viendo la malla igual me llama la atención en la uch, y si alguien de la chile me podría ayudar lo agradecería mucho.  
Gracias por leerlo

EDIT: igual me causa mas indecisión que la malla de la usm para el otro año la actualizarán y será solo de 5 años la carrera, teniendo la opcion de tomar la nueva malla.",negative
"Quien tiene material de estudio para técnico hola gente, así como dice el título quería saber si alguien tiene material de estudio, libros, ejercicios o materia que les hayan pasado durante su carrera de IT- dev, para estudiarlo antes de entrar a estudiar esto, recomendaciones sobre qué estudiar al principio o las bases previas etc. Cualquiera me sirve aun que idealmente si es de la USM  aún mejor, quisiera estudiar de antes debido a que no tengo mucha noción aún!! ",neutral
"Ing en Informática vs Ing Civil  Alguien que haya estudiado Ing en informática ya aea en la USM (sede viña) o cualquier otra equivalente, que pueda iluminarme xon au exp por favor ;(",neutral
"Síndrome del impostor? Buen día estimados/as.

¿Quizás hasta cierto punto es ""off topic""? Pero la verdad (siento) que es un tema que tengo presente desde hace unos meses y no creo que sea el único/a.

Así que vengo a compartir mi experiencia y leer en lo posible sus experiencias, opiniones, comentarios, etc, ante esta situación.

Primero que todo, estoy cursando Tec. Analista-Programador en Duoc UC.

Hace unos cuantos meses (2 ~ 3) he estado desarrollando tres proyectos (Si es posible denominarlo de esa forma):

1) Una aplicación móvil para el ramo de Aplicaciones Móviles.

2) Un proyecto local de venta de discos de vinilos de un conocido.

3) Un proyecto alterno respecto a la institución.

Por lo que he tenido unos cuántos momentos de estrés y frustración, cosa que sé manejar pero como cualquier humano, llego hasta cierto punto de resistencia.

Desde mi situación de estudiante hasta la actual (Porque un tiempo estuve en Ing. civil informática USM y tuve que retirarme un año) solía tener motivación y mucha emoción al saber que estoy realizando lo que me gusta, pasando por aprendizajes y errores, hasta lograr correctamente lo que buscaba.

Si bien, los proyectos que estoy realizando (El primero y el segundo mencionado) no han sido una carga extremadamente dura, me hace sentir lo que pienso que es totalmente ridículo e inmaduro:

- No soy capaz de valorar lo que hago, sabiendo que lo realizo mediante error-aprendizaje.
- Las AI (GPT / NLP) serán, innecesariamente, algo más importante a futuro.
- Salí de un técnico, ¿Qué tiene de bueno?.
- Tengo 22 años y ¿Tan absurdo soy para cuestionarme a esta edad?

Esto es algo de lo poco que puedo expresar ahora mismo, de lo que he estado pensando y reflexionando respecto de mi experiencia, objetivos y ""logros"".

Para terminar, me gustaría dejar la opción de que ustedes comenten su experiencia, situaciones, comentarios, no sé...

Los quiero mucho, disculpen por el testamento 😅.",neutral
"Recomendaciones para entrar en el mundo de la informática? Hola a todos, tengo 24 años y vengo de otro rubro pero estoy muy interesado en empezar en la informática. He estado leyendo sobre lo que se hace, los fundamentos básicos y todo los aspectos relacionado con este tema, a excepción de los sueldos porque no estoy interesado en ganar arriba de $2M o algo parecido. Quiero disfrutar de lo que hago y tener un trabajo estable y seguir especializándome en un área específica donde pueda escalar poco a poco.
Tengo dos opciones en mente y me gustaría que me ayudaran o aconsejarán para saber cuál es mejor.

A) Estudiar analista programador en el Inacap e intentar buscar trabajo con ese título para empezar a tener experiencia y nuevos contactos y después continuar con la ingeniería en informática en el mismo establecimiento. 

B) Estudiar de una Ingeniería informática en la PUCV o en la USM ",neutral
"Alguien que cache de ing informática en la usm? Wena cabros, tengo pensado entrar a ing informática (no civil) en la usm de viña, quería saber que tal es la carrera, como es en temas de pegas/empleabilidad, y si es posible sacar la civil después en algún otro lado o la misma santa maría. Gracias de antemano 🙌.",neutral
"DUDA CONTINUIDAD INGENIERÍA INFORMÁTICA A CIVIL INFORMATICA USM/UTFSM Buenas, tengo una duda respecto si puedo sacar la carrera de ingeniería en informática y después pasar a la civil sacando la carrera de informatica en la misma universidad, la idea es no tener que dar la PAES, ya que puedo entrar a la ingenieria en informatica directo despues de sacar el tecnico en informatica en la misma U. Todo este webeo se debe por que tengo 403 nem (escala antigua) y tengo q sacar puntajes casi perfectos en la paes para entrar regular, aun que igual lo intentare si no se puede hacer lo que comente mas arriba. (necesitaria algo como 800+ m1, 750+ m2, 750+ lenguaje y 800 en historia) ",neutral
"Intercambio a Chile- Ingenieria Informatica Buenas a todos, ¿como están?, disculpen que use su comunidad, pero estoy un poco perdido.  
Soy un estudiante de ingeniería Informática en Argentina, la universidad me permite hacer intercambio por uno o dos cuatrimestres en algunas universidades de Chile UDD, UAC, USM y me parece una linda oportunidad para conocer Chile.  
Acá en Argentina las materias se separan en módulos de 4 horas por dia y horario es decir te anotas a 4 materias cursas de lunes a jueves cada dia una materia por 4 horas en el horario de la noche por ejemplo (6:30 a 10:30), pero revisando los horarios de las universidades en Chile veo que se cursa mas de una materia al dia en diferentes módulos. Es posible estudiar  y trabajar al mismo tiempo con esta metodolgia de horarios? Aca en argentina es muy comun trabajar durante la cursada, me encuentro trabajando en un full time mientras curso la ingenieria, mi idea seria pasar a hacer part time en mi actual trabajo y conservarlo de forma home office o en todo caso buscar algo en chile, lo cual es otra pregunta, como esta el mercado actualmente en chile? ¿dicen que me contrarían en algún rubro informático o la tengo complicada al no ser chileno? (tengo experiencia laboral).   
Otra consulta no relacionada con estudio y trabajo:  
¿Respecto a la vida social que tan bien son recibidos los argentinos en tema de hacer amigos?, si me dan los horarios haría algún deporte para sociabilizar.   


¡Desde ya muchas gracias! y disculpen si no es la comunidad",neutral
"NO SÉ QUE ESTUDIAR hola buenas, tengo 17 y soy un alumno de 4to medio, sería genial si me podrían ayudar con algunas dudas que tengo, no sé que estudiar aún, si ingeniería informática o civil informática, o también otras opciones como ingeniería en software o ingeniería en ciencia de datos, no sé lo que busco aún, solo sé que busco algo relacionado con esas cosas, entonces si me podrían explicar los pros y contras de cada carrera o si existen otras y cual es mejor, sé que no hay mejor pero se podría decir la más completa, o quizás me conviene un técnico de 2 años en vez de hacer una carrera de 4 años, así no ""gasto"" esos 2 años estudiando sino trabajando, a la vez haría mis propios proyectos, estudio y gano experiencia, quizás así aprenda más que con los 4 años de ingeniería, digo esto porque en ingeniería informática o al menos en este campo no importa tanto el prestigio de las universidades, sino más lo que uno sabe hacer, también tengo entendido que en el extranjero se estudia menos años, entonces tengo una vaga idea de irme a estudiar afuera pero no sé en que país ni como, entonces apreciaría harto todos los consejos o recomendaciones que me puedan dar, mis opciones de universidad son pucv, usm, uai, uch. O si tienen otras ideas de universidades que sepan mencionenlas, si pueden contar sus experiencias en las universidades que mencioné y cual recomiendan, cual conviene más, o si estudio un técnico podría ser en inacap o duoc, cúal es mejor inacap o duoc, o el tecnico que ofrece la pucv o la usm, si estudio técnico ¿en donde sería mejor? gracias de antemano.
",neutral
"¿USM --> PUC/UCH? Primero, muchas gracias por abrir este post.

Tal como dice el título, quiero consultarles a ustedes, la querida comunidad de informáticos ñoños y desconocidos, si es que vale la pena cambiarme de U.

Soy sansano, 2do año de Ingeniería Civil Informática (SJ), y la USM me ha hecho pico. Más encima, estoy en uno de los peores momentos de mi vida (tomando pastillas y mierdas) y simplemente siento que no me la puedo o no me la pude en la USM. Hace muy poquito que congelé y me puse a trabajar.

He escuchado muchos testimonios de ex sansanos que mencionan cosas muy parecidas: que la USM es artificialmente difícil, que es innecesariamente complicada, que la planta de profes es cuestionable, que los servicios al estudiante también son horribles (confirmo), etc. Hay prestigio y calidad en la formación, pero es todo un martirio.

Obviamente, al cambiarme a la PUC o Beauchef, estoy seguro que la dificultad no bajaría, pero muchos dicen que las oportunidades y experiencia general para estudiar mejora bastante.

Mi principal prioridad actual es regularme el tema mental, congelar el próximo semestre, juntar unas lucas y tomar una decisión.
Obviamente, estoy dispuesto a volver a intentarlo en la USM a ver cómo me va, pero tampoco quiero que sea en vano.

Por otro lado, tengo gratuidad, pero también estoy más que dispuesto a endeudarme para sacar esta carrera de mierda.

Les agradezco un montón.
Me interesa mucho leer sus experiencias, sugerencias, tirones de oreja y comentarios.",negative
"Analista informático INACAP - Técnico Universitario en informática USM Hola, busco algunas opiniones y experiencias similares respecto de esta decisión

Ya tengo un título en ingeniería civil de una universidad estatal, pero lamentablemente no me ha dado los frutos que esperaba en cuanto a empleabilidad. Ahora quiero apostar por algo que me permita reinsertarme laboralmente de una manera más efectiva, y me estoy inclinando por la informática/programación, idealmente en un programa vespertino para poder trabajar al mismo tiempo.

He estado evaluando dos opciones: **INACAP** y la **USM**. 

INACAP me resulta más cómodo porque no tendría que moverme de ciudad, además de que parece tener una acreditación similar a la de la USM. Aparte, dado que en informática no necesito laboratorios súper especializados como en electricidad o electrónica, con un PC decente bastaría para la mayoría de las actividades prácticas.

He estado revisando las estadísticas en [**mifuturo.cl**](http://mifuturo.cl) y no veo una diferencia tan abismal entre ambas instituciones en cuanto a empleabilidad, pero no estoy seguro de qué tan confiables son esas cifras. Por eso, quería saber si en la realidad laboral pesa tanto el prestigio de la USM frente a INACAP cuando se trata de conseguir trabajo en este rubro.

[Estadísticas ingreso\/empleabilidad](https://preview.redd.it/ujukgjqwobie1.png?width=968&amp;format=png&amp;auto=webp&amp;s=1b1049d44aa80eb95216d05c3360b43242b832c9)

Por último, me gustaría saber qué tan prácticos y aplicados son los programas en ambas instituciones. He revisado las mallas curriculares y en ambos casos veo algunos ramos que me parecen un poco de ""paja molida"". Si alguien que se haya formado en alguna de estas dos instituciones puede comentar sobre la cantidad de teoría vs. la práctica, sería de gran ayuda.  


[Malla USM](https://preview.redd.it/i9xudkljobie1.png?width=1218&amp;format=png&amp;auto=webp&amp;s=ab395e47d4d5c880d98b0b1a832f68f5835b2ca9)

[Malla INACAP](https://preview.redd.it/kwgghz6oobie1.png?width=1410&amp;format=png&amp;auto=webp&amp;s=62bfb7be84d169c35150e3bbbe5be6195f907106)



",neutral
"Consejo para universitario inexperto Buenas comunidad, soy estudiante de quinto de ing civ electrónica en la usm (cc). Mi mención es computadoras y me interesa caleta todo lo relacionado con software, sin embargo, siento que la carrera me ha enseñado de muchas cosas, pero en ninguna me he ""especializado"" entonces siento que si bien he aprendido sobre el área no estoy especializado en nada, y cuando he tratado de buscar práctica siempre se busca a gente que ya haya metido harta mano al área y yo estoy  recién empezando. Mi petición es que si alguien entendido me pueda recomendar que puedo hacer en mi caso para encontrar práctica, o para prepararme individualmente para lo mismo (este semestre me toca full ramos de mención, pero ni cagando salgo como experto). Gracias de antemano.",neutral
"Ing informática, Usach o USM [removed]",neutral
"De Analista Progrqmador INACAP a Ingeniero en la USM o USACH Así cómo escuchastes, alguien que haya salido de analista programador de INACAP y haya convalidado ramos para sacar la ingeniería en una de estas dos universidades de “prestigio”? 

Que tan viable es? 
Vale la pena? 
Es tan difícil cómo dicen? 

Teniendo en cuenta mi base Inacapina y el buscar cómo desafío profesional y de experiencia/oportunidad tomar alguna de estas dos opciones? 

Sería en modalidad vespertino 
Acepto cualquier orientación, consejo, puteadas, lo que sea haha 
",neutral
"Informatica usm Alguien que estudie o haya estudiado ing en informatica en la usm de viña o conce que me cuente su experiencia y si vale la pena ya que no es la ing civil, gracias",neutral
"Qué universidades recomiendan? Quiero estudiar civil informática pero por ej pra la chile no me da el puntaje, para la usm lo tengo difícil, que otras universidades son buenas opción? Por mi parte había visto la u mayor que la carrera de llama ing. Civil en computación e informática, y la u autónoma que es civil informática. 
Estas son buenas u para la carrera?? O hay alguna mejor que tenga puntaje de corte alrededor de 720?",neutral
"Técnico Informático USM: ¿Qué conviene más - Advance o certificaciones? Buena cabros, soy técnico en informática de la USM, actualmente estoy con pega. Intenté convalidar ramos en otras U/institutos pero no me pescaron y como ya no quiero estudiar 4 años, estoy entre:

- Hacer Advance en la UNAB (online, con grado y licenciatura)(2 años y medio)
- Sacar certificaciones buenas (AWS, Microsoft, etc)

Teniendo en vista que mis objetivos a largo plazo son trabajar para afuera, cuál creen que será mi mejor opción el título profesional Advance o tener certificaciones reconocidas?  Valdrá realmente la pena sacar el título de Ingeniero?

Agradeceré sus experiencias!",neutral
"Que tal es la UDD en Informatica? https://preview.redd.it/ygrbvch9ctbe1.png?width=5811&amp;format=png&amp;auto=webp&amp;s=13f7c83f71132615b6d05da10a01d28815fbf03c

Holaaa, la verdad que me gusta mucho la malla, ya que quiero irme por el lado de IA y la UDD es la unica que tiene tanto sobre IA en su malla, siento que saldria altiro con mejor base, ademas que me imagino q es una U donde sales con buenos contactos...

La verdad que mi meta es eventualmente trabajar de manera remota e internacional, y siento que con esta U podria ""partir con ventaja"" en cuanto a ese objetivo.

Pero me alcanza pa la chile, la puc y la USM. Serian una mejor opcion que la UDD para mis objetivos?

Que opinan?",positive
"Entrar a civil informatica en la UDP o entrar a civil telematica y dsp cambiarme en la USM Bueno me fue meh en la paes, pero me alcanza para entrar directamente a Ingeniería Civil Informática y Telecomunicaciones en la UDP, no he escuchado opiniones sobre esta U y se que no es tan de renombre como lo serian la Uch, Uc, Usm, etc. Pero encuentro que igual tienen buena malla. Lo otro seria ir a civil telematica en la usm para despues cambiarme a informática, pero no se si valdria la pena. Estoy abierto a otras opciones que sean en santiago, por que no me dejaron ir a estudiar en valpo xdd.",neutral
"UNAB Advance vs INACAP para Ing. Informática - Con miras a emigrar Buena cabros,

Soy técnico informático de la USM y estoy entre estas dos opciones para seguir estudiando:

\- UNAB Advance (online): 2 años y medio. Da licenciatura EN INGENIERÍA (no en ciencias) 

\- INACAP (vespertino): 2 años + los 2 que me convalidan = 4 años en total. No da licenciatura

Mi meta es irme a Nueva Zelanda, Australia o Europa. Y aquí está mi duda: algunos me han dicho que la licenciatura es SÚPER importante para los papeles de la visa calificada, pero otros me dicen que lo que realmente importa es tener una carrera de 4 años total para que te la reconozcan como Bachelor afuera. 

¿Cuál de las dos opciones creen que me serviría más pensando en emigrar? ¿La UNAB por la licenciatura o INACAP por ser 4 años en total?

También si hay alguien que haya estudiado o esté estudiando en alguna de las dos, me sirve caleta saber qué tal es la carrera, los profes, la malla, etc.

Si alguien se fue o está en proceso de irse pa fuera, me serviría caleta su experiencia. Igual si alguno estudió alguna de las 2 carreras, me ayudaría saber su opinión.",neutral
"Duda de Carreras y Ues Hola chiquillos, tengo dudas y me gustaría que me orientaran porfis.

Estoy interesado en la carrera de LICC en la UC, pero no estoy seguro si con 20 puntos sobre el corte posibilidades de entrar. Me tinca esta opción porque no incluye el plan común de civil.

Como segunda opción, estaba pensando en Ing. en CS en la Adolfo, pero también me da vueltas la idea de Ing. Civil Informática en la USM, aunque he escuchado que es un baño de sangre y el ambiente ahí nomas.

Cualquier recomendación, consejo o tip es bienvenido. :c",neutral
"Buscar práctica industrial Hola buenas estoy en segundo año de ing informatica en la usm (viña), y tengo que empezar a buscar práctica. Serían tan amables de darme consejos y lugares en donde podría buscar? Muchas gracias de antemano 🙌",neutral
"Cómo ingresar a la USM? Buenaas, el otro día pedí consejos sobre donde estudiar para continuar evolucionando en el mundillo del TI, ya que estoy en un cft y muchos me comentaron sobre la USM o universidades que siempre vi fuera de mi alcance, por eso quería preguntar, luego de que termine el técnico, si quiero entrar a la USM tengo que volver a dar la paes? o como? aparte también vi que tendría que echarme 5 años, aunque dicen que con continuidad te descuentan años, pero no sé, me falta algo de orientación al respecto, o bastante...",neutral
"¿Qué podría estudiar? Necesito orientación. Buenas, es el primer post de mi vida que hago en Reddit, y espero poder contar con su ayuda, supongo que no hay mejor lugar. [Post largo]

Les cuento, este año entré a la USM, no estudié un pingo, ni mérito he hecho para entrar, no tengo idea de nada y las matemáticas no son mi área. Irónico, pero esperaba lograrlo.
Más allá de esto, hay varias cosas que me han dejado de convencer de la universidad a pesar de lo poco y nada que llevo y para no entrar en detalles, planeo dejarla e irme por un camino más corto y que asegure que efectivamente aprenda.

La cuestión es que me interesa entrar a Ingeniería en Ciberseguridad del Inacap. La malla me es convincente, es muy parecida a la de Informática pero cambia algunos ramos muy generales o medio teóricos por otros muy buenos de la rama de la ciberseguridad, y como es un sector que me gusta, quisiera probar a irme por ello.
Ahora, sé que el hacking y todo lo que pasa constantemente en el medio puede ser abrumador y requiere de mucha cabeza, por lo que igual considero irme por un lado más calmado y hacerme dev Front End o Full Stack, pero sé que gracias al tema de los bootcamps, se saturó de juniors y aunque no imposible, ha hecho difícil resaltar en el área y como saben, sin experiencia ni te pescan.

Entonces, ya que acá hay gente con experiencia en el área de las IT, ¿Qué me recomiendan hacer? ¿Qué lugar o medio será confiable para estudiar estas cosas? ¿Será una carrera confiable en el Inacap, valdrá la pena conseguir un título de -Ciberseguridad- y no como informático? Igual sigo con la duda, Full Stack? Hacking? Ambas? Y eso, necesito orientación, no quiero cagarla de nuevo.",negative
"Opinion Tec. telecomunicaciones y conectividad USM hola, tengo varias dudas respecto a la carrera de tecnico en telecomunicaciones y conectividad, actualmente lo estoy cursando en la USM, considero que la universidad es solida en ámbitos académicos e internacionales pero fuera de eso.

¿creen que es una buena carrera?

me gustaría especializarme en ciberseguridad, me gusta el código también pero desconozco el campo que puede existir en Chile como en el extranjero.",neutral
"¿Qué estudiar y dónde? Ing Ciberseguridad, Ing Civil Informática o Inf y Telecomunicaciones. Ojalá que estén muy bien y que hayan tenido un buen día. 

Tengo claro lo que quiero estudiar, me gusta y me atrae el tema de programar, pero tengo varias opciones y quería ver si me podían dar una opinión sobre esto, sé que hay 20 mil preguntas más abajo, pero no he encontrado algo más específico, más que nada hago esto porque tengo poco tiempo y tengo hasta el 5 de enero para postular en algo.

Con mi puntaje de PAES core que no me dio para la USM, USACH, que justo era en esas que quería entrar.

Mis opciones que tengo contempladas son:

1) Estudiar en la UNAB, como tengo la pila llena del FUAS, aprovechar un par de becas, sacar CAE y estudiar Ing Civil Informática

2) Ing. Ciberseguridad en la INACAP, ya que aprovecho mi gratuidad.

3) UDP, ya que el puntaje si me da, pero la carrera sería Ing Civil en Informática y Telecomunicaciones, en este caso también aprovecharía la gratuidad, pero desconozco que se hace específicamente en telecomunicaciones.

4) Adolfo Ibañez, Ing Civil Informática, no tiene gratuidad para mí, egresé de 4to el 2022, así que la misma, usar CAE.

Quisiera saber qué opinan sobre esos lugares para estudiar y sobre la carrera, ¿tienen suficiente campo laboral, buen sueldo y futureproof? ¿Son buenos lugares? Ya que después de 5 años el mercado siempre va cambiando y esa es mi preocupación. Ah y, ¿vale la pena usar el CAE?

Eso sería, ojalá no haber confundido a alguien pero no sé que hacer por ahora, muchas gracias por eler.

&amp;#x200B;",neutral
"Informatica USM o UNAB (advance) Vespertinos Hola cabros/a les cuento salí del duoc de ingenieria en conectividad y redes, una wea enfocada en redes, ciberseguridad y telco. Pero no me gusta siendo sincero, nunca me gusto mucho, saque la carrera para no perder la gratuidad. Ahora trabajo como admin de infra para un proyecto de desarrollo de software con ASP.net  para unos clientes AFP. La wea es que este año y el pasado por medio de conversar con desarrolladores y gente del rubro (también leyendo en esta red social) y cursos de udemy, platzi, coursera, etc me he dado cuenta que me gusta mas el desarrollo de software y el mundo de la data. La wea es que me quiero reinventar y poder trabajar en roles t.i así. La pregunta es
¿Que opinan de las carreras advance? precisamente de la UNAB, ¿Recomiendan estudiar en esa wea Ing de computación y informatica? ¿Que opinan de la USM (universidad tecnica federico santa maria)? ¿recomiendan estudiar ing de ejecución en software en la USM? (creo que no es un advance pero es vespertino) entre esas dos opciones ¿cual elegirían y por que? 
Me gastaría leer opiniones, experiencias, también de otras U o institutos (weas vespertinas si po que si no trabajo no como). Tengo 24 años ¿estoy viejo para reinventarme? Eso po los leo😘.",neutral
"Ayuda o recomendación en cuanto a lugares de estudio buenas tardes a todos, hago este post para buscar guías o alguna recomendación de dónde estudiar, egresé el año pasado y me tomé un año. planeo estudiar el 2024 y ing civil informática me llama la atención, tiene buenos sueldos y es un área en la que quizás no me manejo específicamente, pero me manejo en el área computacional, siempre he estado con pcs de chico y me gustaría aprender harto sobre la materia. mi puntaje fue bueno pero no excelente, por lo que estoy viendo en qué lugar de estudio ingresar. mi primera opción fue la usm porque en los rankings sale como 3era mejor universidad de Chile y la wea, pero he cachado que es innecessrismente difícil, q los profes son capos pero en habilidades blandas decaen o cosas así. luego me interesé en la usach, pero tampoco sé qué tal sea en la carrera. quizás no sea una universidad sino un instituto, o algo por el estilo, pero por temas familiares estoy como medio obligado a entrar a una u, aunque al final creo que valdrá pico lo q me digan. 

mi objetivo es sacar la carrera, ponerme a trabajar, ojalá q desde la casa, y quizás un tiempo después especializarme en el área de cyber seguridad. muchas gracias",neutral
"AYUDA  

Hola, tengo 17 años, voy en 4to Medio y me gustaría estudiar Informática porque quiero ser programador, aspiraba a la U de Chile, la U Mayor, y la USM mas que nada, pero no me inscribí a la PAES de ciencias, me empecé a informar hace poco de carreras y universidades, así que no se na mucho del tema, ¿Qué me recomendarían, esperar al otro año pa dar la PAES de ciencias, meterme a alguna parte que no me pida esa prueba, o no es totalmente necesario que de la de ciencias? por favor necesito orientación D:

 ",neutral
"Como es la cuestión? Me siento en un caos, todos dicen que en todo el mundo informática está valiendo callampa laboralmente, muuchos otros ya titulado están intentando entrar al este mercado, otro dicen que informática es el futuro y que todos ganan 3 millones. A quien le creo por dios? me saqué la chucha pa entrar a civil informática en la usm y siento que estoy perdiendo el tiempo la verdad, no quiero creer que el mercado está tan mal como dicen al punto de que por ej en eeuu nadie encuentra pega en computer science, dicen que medicina te asegura buenas lucas pero para ejercer fuera del país es básicamente sacar la carrera de nuevo. A los entendidos de aquí y/o gente que conozca bien el mercado, que hago? me salgo de la carrera, me especializo en un área específica de esta?, mi meta de vida es sacar a mi familia de chile e irnos a un país como canadá para poder vivir de una forma más cómoda, pero es un sueño que veo cada vez más lejano viendo como van las cosas. Que pasara en 5-10 años más? estaremos todos cesantes?. No entiendo realmente ni sé a quién creerle respecto al panorama IT. Soy todo oídos, gracias por leer.",negative
"vale la pena trasladarse de U? Soy estudiante de 2do año de ing. civil informática en la ucn (coquimbo) y de inicio de este año me surgió el miedo a que la U no sea buena (esta solo en el top 15 de chile) y que por lo mismo después se me haga difícil surgir en lo laboral. Estaba viendo la posibilidad de trasladarme a alguna U (puc, usm, usach, uch) en santiago porque cumplo con los requisitos de traslado (mínimo promedio general 5.0, primer año 100% completo y curriculum porque en mi primer año de carrera hice una app con usuarios).
en mi U actual veo muchos profes que no son ni doctores, ni magistrados, muchos solo son egresado de alguna ing, varios ramos son muy desorganizados y lo otro es que la cantidad de oportunidades que hay en la serena vs las que hay en santiago igual es grande. 
me gustaría saber que opinan ustedes, seria buena opción un traslado? (y quizás salir 1 año mas tarde de la carrera), que tanto va a pesar el prestigio de la U cuando me titule? se me hará mas difícil surgir si me titulo de una U que no es prestigiosa?",negative
USM Valpo vs San Joaquin Donde hay mejor nivel de profesores para estudiar Civil Informatica? salu2,neutral
"ING CIVIL INFORMATICA VS ING INFORMATICA USM Se que se ha hecho harto esta pregunta pero la mia es un poco mas especifica, es respecto a la diferencia entra esas dos carreras en la USM en especifico, mi duda es si vale la pena realmente la civil, ya q he visto q la informatica normal no tiene ramos de algoritmos complejos q si tiene la civil q es mi mayor preocupación, ya que es diferente aprender por si solo algoritmos complejos a aprenderlos en una universidad top.",neutral
"Ciberseguridad o Ciencia de datos? Soy estudiante de civil informática de la usm, pero estoy entre esas 2 especialidades de todas las que me ofrecen, pero quiero saber la opiniones de los del reddit sobre que camino tomar, yasea campo laboral, sueldo y como se viene el futuro, etc
Gracias por su aporte.",neutral
"Ingeniería Comercial USM vespertino / advance Hola! Estudie una wea humanista que tarde o temprano limitará mi techo laboral. Así que quiero desde ya ver opciones de 2° carrera. En general las ues que ofrecen cosas vespertinas u advance, son ues re malas, pero encontré que la USM ofrece comercial en 3 años. Me gustaría escuchar experiencias más que nada post egreso, realmente vale la pena? cuánto están ganando? en que áreas están trabajando? cómo están versus ingeco uch, uc, uai, etc?

Mencionar que sería presencial todos los días (campus Vitacura), 11 meses al año, me haría MIERDA físicamente y mentalmente, debiendo más de 15 palos, pero si el escenario laboral lo vale, estoy dispuesto :)

pd: mientras estudio estaría trabajando. de referencia trabajo en mkt digital, gano 1 palo aprox, pero busco poder trabajar en áreas de mejor paga como finanzas, operaciones o analytics. en la u tuve cursos de economía, finanzas, etc. Me encantaron, pero igual los pasaba con 4.5 - 5, tampoco me iba tan bien, y eso que eran cursos más ""fáciles"" que sus similes de comercial.

tengo 24, así que saldría con 27-28",negative
"Dudas perfil profesional y bajo nivel Hola todo el mundo,  busco recomendaciones en base a mi perfil y búsqueda profesional, cualquier comentario es bien recibido :) Disclaimer: Me referiré a lenguajes como C y Rust como bajo nivel por la practicidad del post.

Sucede que me gusta mucho lo que es programar en low level o bajo nivel pero por cosas de la vida tengo mas experiencias en trabajos que no involucran ello. Tengo la duda de cómo es (si es que hay) ámbito laboral programando en bajo nivel en Chile. Planeo irme para afuera pero estoy ganando un poco de experiencia y formalizando mis estudios.

Se que me gusta por la práctica y teoría, amé C haciendo un http por amor al arte y ahora tengo unos proyectos en assembly x86\_64, C y mientras termino de aprender Rust trabajo en algunos aportes que se ocurrieron para RedoxOS. Bueno y armo mi distro personal de linux mas que nada por gusto y practicidad a al cambiar de equipos. Aparte, he hecho contribuciones a open source y uno que otro pequeño aporte a un par de distros linux (no especificaré para no doxearme tanto jaja).  El tema es que como decía mi experiencia laboral ha sido no solo no enfocada en ello si no que también un poco dispersa, teniendo experiencia en Soporte (ganando experiencia), Desarrollo back-end e Infraestructura (como apoyo en  algunas automatizaciones y trabajos con servidores de distinto tipo). 

Actualmente soy jr y según mi actual jefe, no me queda mucho pal semi-senior. Actualmente estoy dirigiendo un poco mi perfil para DevOps o sistemas ya que me gusta y  he podido trabajar algo. Añado que estoy terminando un técnico, pero por sorpresas de la vida y unos buenos simulacros PAES, daré la prueba para entrar a ejecución en informática en la USM ya que me dio de sobra, casi que por amor al arte y pensando también en enseñar en algún momento ya que creo poder contagiar el gusto que tengo :) (Siempre fui estudiante cacho y porra hasta hace no mucho que me rehabilité, estoy demasiado contenta con mi progreso y creo que puedo aportar en la educación de personas que se puedan ver como yo me vi en la universidad de mas joven).

Eso! gracias a quienes lean y disculpen el mucho texto y la posible mala redacción, jajaja :) Que vergüenza el post :$ ",neutral
"Ingeniería o técnico? Hola buenas, tienen algún consejo sobre si es mejor estudiar el técnico y luego sacar la ingeniería o meterme directo a la ingeniería? Estoy pensando en entrar a técnico en informática en la USM el 2026; conozco programadores buenos que han dicho que ingeniería es innecesaria si eres bueno, pero estoy dudoso aún. Me tinca el técnico porque son dos años y no pide puntaje, me estaría cambiando de carrera (derecho) así que la idea de salir antes me atrae bastante. Gracias! ",neutral
"Estudiar Ingeniería Informática en una universidad en modalidad diurna después de estudiar Analista Programador en un CFT. Hola, teniendo en cuenta cómo está la empleabilidad en esta área para los recién egresados, mi pregunta es la siguiente: hace menos de un mes terminé los ramos de Técnico Analista Programador y quiero saber qué tan recomendable sería estudiar Ingeniería Informática en una universidad como la USM o la USACH, en modalidad diurna, si ya he sacado un título de Técnico Analista Programador, en el caso de no encontrar pega y considerando que tengo los medios económicos para hacerlo.

Actualmente estoy aprendiendo y repasando contenidos para hacer una buena práctica y aumentar mis posibilidades de ser elegido en alguna entrevista. Asumo que así debe hacerse, pero, leyendo cómo está el mercado laboral, me preocupa cuánto me costará insertarme en el mundo laboral.

Suelo leer acá que lo que realmente sabes pesa más que el título, pero también he visto que los ingenieros de universidades como las que nombré antes, según MiFuturo y otras fuentes, tienen mejores proyecciones de sueldo en promedio. Además, lo más importante es que creo que, al salir de una universidad, tendría mejores oportunidades de encontrar pega que si me quedo con un título técnico de un CFT o de ingeniero de un IP.

Estoy bien perdido, la verdad. Creo que me estoy adelantando a los hechos, y sé que tomar decisiones importantes en base a lo que diga gente de internet no es buena idea, pero necesito opiniones y no sé dónde acudir ahora.
",neutral
"Que opcion elegir? Ya q hoy salieron los puntajes de la paes, me alcanza para ingenieria civil informatica en la usm de valparaiso plan comun, la udp y estoy 15 arriba del corte en la pucv, me gustaria saber q universidad eligirian, cabe recalcar q tengo gratuidad y vivo en santiago pero no me importaria vivir en valpo y sacrificarme para entrar a una buena universidad ",neutral
"Cómo complementar la carrera Hola, voy a cursar mi último año curricular de  civil informática (usm) y me gustaría saber cómo han complementado uds sus conocimientos con cursos, certificaciones, estudio, etc. Me gustaría encontrar pega este año en el área de ciencia de datos, ML o ingenieria de datos x ejemplo, en la u he usado mucho Python y las librerías principales del área, además de mucho Power bi en mis prácticas, pero al momento de encontrar pega siempre piden muchas más cosas y bien variadas, entonces quería saber cuales son las que más se buscan o lo que les ha resultado a uds. 

Gracias a todos y saludos!",positive
"USM (Valparaíso/Viña) Buenas, quería saber la experiencia de gente de la quinta región en la usm, ¿Es tan difícil como la pintan? Quiero entrar a ing informatica y debo decir que no era para nada bueno en matemáticas por el hecho de ser flojo nomas, no por entender. Obvio uno entrando a la U cambia la mentalidad así que eso, quería saber que tan difícil la encuentran, experiencias, recomendaciones, etc. ",negative
"Duda dónde continuar la ingeniería Buenas! para hacerla corta, trabajo hace 3+ años en el área web/cli y terminé recién la carrera técnica en un instituto más o menos nomás (más que nada para asegurarme un título en caso de querer cambiarme, ya que empecé como autodidacta). Ahora estaba dándole vueltas al tema de hacer la ingeniería (porque me gustaría hacer clases a futuro) y quería saber qué opciones tenía.

No sé qué tanto peso tendrá la institución una vez ya teniendo años de experiencia la verdad. 

He visto como opciones la [USACH ](https://www.usach.cl/prosecuciones-facultad-ingenieria-5)en vespertino o la [USM](https://usm.cl/admision/carreras-vespertinas/ingenieria-de-ejecucion-en-software/); más que nada porque igual me gustaría tener una universidad decente en mi CV, pero no sé si valdrá la pena en cuando a esfuerzo y que sea vespertino presencial.

Por otro lado he visto carreras online como la [UNAB ](https://advance.unab.cl/carreras/ingenieria-en-computacion-e-informatica-online/)o [UGM ](https://advance.ugm.cl/carrera/ingenieria-en-computacion/)que tienen como un plan más corto de ""advance"" pero claramente hay unos escalones de distancia con respecto a las que mencioné.

TLDR; no sé si valga la pena sacar la ingeniería en un lugar más bonito y el esfuerzo extra que conlleva (estudio + presencialidad) vs una universidad un poco del montón.

Espero sus opiniones!",neutral
"Campo laboral de cloud Hola a todos, soy ingeniero civil informático titulado de la usm, he estado unos meses buscando mi primer trabajo como desarrollador full stack, pero sin éxito todavía, por otra parte, estaba interesado en empezar a estudiar cloud, para trabajar como cloud engineer o architecht. Quería ver si me pudiesen recomendar que rumbo tomar, saber si con certificarse en algún servicio cloud me es suficiente para poder buscar un trabajo de junior, o seguir buscando trabajo de desarrollador.

Cualquier información que me puedan otorgar se agradece.",neutral
"Giro de carrera o consejo  [Alerta de mucho texto]
Hola a todos que tal como van, esperando que todo bien les quería preguntar o pedirles un consejo, les cuento soy Ingeniero civil electrónico de la USM, llevo ya un tiempo trabajando en una empresa dedicada a temas de automatización( cumplo 3 años este mes), estoy mas dedicado a la venta, estilo el cliente tiene un problema y debemos desarrollar una arquitectura para abordar ese problema obviamente dedicado a temas de automatización industrial, Scadas, adquisición de data, etc.
Hace ya año, comencé a introducirme en temas mas IT, obviamente manejo algunos temas de redes pero nada del otro mundo. Comencé a aprender AWS me pareció interesante y comencé a darle mas profundidad ( le dedico unas 4 horitas diarias 2 antes de ponerme a trabajar y dos después) de eso ya ha pasado 1 año y medio, hago algunos proyectos propios básicos, onda levantar wordpress con balanceadores de carga, migración con DMS, algunas con IOT que es mi área entre otras cosas.
La cosa es que mi picó el bichito de entrar a algún entry job dedidado a Cloud orientado a venta( que es lo que tengo mas experiencia) principalmente por que hay cosas que no manejo dentro del
Desarrollo web, en este tiempo de aprendizaje saqué las certificaciones de Associate( me falta 1 ) y bueno nosé si el mundo de IT existen estos roles tecnicos y ventas, que me aconsejan? Igual es mi pega actual estoy bien, pero ya estoy un poco quemado y me gustaria moverme para seguir aprendido.
Eso cuidense y cualquier
Comentario es bien recibido 

Saludos !!",neutral
"Tecnico en informatica Duoc o ing en software usm Espero esten todos bien

Soy egresado de una ing lejos de it, por lo que no puedo darme el lujo de estudiar en formalidad diurna, sin embargo, tengo pensado estas dos carreras que ya he investigado y llegue a esta conclusión (no he estudiado si la usach tiene modalidad vespertina), cual tiendria mas sentido estudiar.

Agradecido de todo apoyo ",neutral
"Desahogo con respecto a mi presente profesional en IT (texto largo) Hola gente

Este post es mas bien un desahogo con respecto a mi presente profesional y personal. Considérenlo como una continuación de [este post](https://www.reddit.com/r/chileIT/comments/1ayc8fb/adaptarse_al_mercado_o_enfocarse_en_tecnologias/) y les pido tanto a los mods como al admin que no bajen la publicación ya que necesito la opinión de quienes puedan comentar y así tener mas claridad de lo que puedo hacer

Yo llevo 10 años como profesional primero haciendo sitios Wordpress y luego en trabajos mas grandes como Fullstack en PHP y JS, aunque en estos últimos años me he estado especializando en Backend y Devops. No es que odie PHP pero siento que ya no me aporta nada a mi CV y necesito enriquecer mi status profesional, mientras que con JS casi siempre he tenido trabajos en Frontend y para mi es un área del cual no me siento cómodo de trabajar. Por eso me enfoco en Backend y Devops siendo Go mi caballo de batalla del cual quiero destacar en mi CV pero siempre me rechazan debido a la falta de experiencia, al contrario me llueven ofertas de Fullstack en PHP o Frontend en JS del cual dudo en aceptar salvo que sea por necesidad como en mi anterior trabajo.

Con lo anterior me sigue dando vueltas la pregunta del [otro post](https://www.reddit.com/r/chileIT/comments/1ayc8fb/adaptarse_al_mercado_o_enfocarse_en_tecnologias/): ¿Adaptarse a las tecnologías que se usan en el mundo laboral? ¿O enfocarse en una tecnología o área del cual uno está a gusto de trabajar? Para mi es algo muy difícil de responder ya que he tenido experiencias pasadas muy pencas que me dejaron con traumas y hasta normalizo sus practicas hoy en día. Por ejemplo cuando hacia de front me pedían maquetar el sitio desde colores, formas, tamaños, transiciones que, junto con ReactJS son cosas que a mi no se me da. Menos mal que aprendí VueJS y en un trabajo teníamos un diseñador del cual yo implementaba todo lo que el hacia pero al final yo era el responsable de todo y era una carga que no estaba a gusto de asumir. Por eso mismo no busco y hasta rechazo ofertas que incluyan algo de Frontend ya que si bien no es mi fuerte aun tengo miedo de volver a trabajar en eso, no sentirme cómodo y hacer un mal trabajo. Al ser de región la oferta laboral es menor con menos sueldo y tecnologías antiguas, para un proyecto financiada por una universidad ganaba 500 mil ya que unos años de experiencia y a los meses me reemplazaron por un practicante de la USM (que dio la cacha al final), una vez trabajé en Santiago como Fullstack en PHP pero viajaba todos los días y mi sueldo era rozando el millón liquido, y para una agencia de diseño me pagaban 250 mil por sitio Wordpress entregado y en caso de no haber clientes no pagaban, me amenazaban intentando retenerme y fue gracias un amigo que logré salir de ahí.

En el otro post alguien mencionó de que los lenguajes son una herramienta mas. Me gustaría creer eso ya que tuve una oportunidad de trabajar en NodeJS lado servidor sin mucha experiencia y me pude adaptar de lo mas bien, pero aun así mi stack actual ya no me da valor y busco algo mas actual y vanguardista. Por eso de los muchos lenguajes de moda hoy en día me gusta Go por su sintaxis, similitud con C y potencial uso en Devops y microservicios pero aun así no tengo oportunidades ya que siempre me piden experiencia previa sumado a que salí de un instituto no tengo una buena base sobre arquitectura, SOLID, patrones y otras cosas salvo el desarrollo. De hecho en una charla en el 2023 uno de los expositores mencionó estar feliz trabajando en Rust que ya no quiere volver a tocar código Java, C# o PHP, mientras yo me pregunto ""¿Como el llegó a trabajar con dicho lenguaje? ¿Trabaja para el extranjero? ¿Encontró una empresa chilena que lo use? ¿Y de verdad está tan confiado en que no volverá a tocar código de lenguajes que suelen ser odiados?"" Yo personalmente desearía estar en sus zapatos y aceptar trabajos que de verdad me gustan en vez de aceptar trabajos con tecnologías que no son de mi agrado pero a veces me doy cuenta de mi realidad y se me pasa, luego me hago bolita y me pongo a llorar.

Si tuviera el tiempo aprendería Rust, Ruby, Python o incluso C junto con Message Brokers como Apache Kafka o RabbitMQ, bases de datos NO SQL aparte de MongoDB y profundizar DevOps, pero ahora mi prioridad es sobrevivir la cesantía mientras busco la forma de crecer como profesional al aprender (y ojalá aplicar profesionalmente) Go. Se que lo mejor es trabajar para el extranjero pero si tengo problemas aquí los tendré en cualquier lado así que necesito superarlos y saber como enfrentar la realidad al menos aquí en Chile. Podría freelancear mientras aunque debido a como soy prefiero hacerlo bien piola vía Fiverr en vez de tener una cartera de clientes y hacer marketing con mis servicios (ya que no falta el cliente que necesite un sitio en Wordpress) así que mientras estoy viendo cursos de barista para subsistir (ya que no falta el café o salón de té que necesite uno).

Así que eso, me gustaría saber como puedo conllevar todos estos temas y como surgir como profesional. No soy de muchos amigos y mi actitud introvertida me ha impedido ir a mas charlas, formar una red de contactos o amistades con colegas para al menos ir por unas cervezas o armar su tarreo geek. Si hay alguien de la V región le interesa contactarse conmigo o si saben de una charla en la que pueda ir y no tome todo el día (asumiendo que es en Santiago) pues me sumo con tal de saber otras experiencias y tirar mi CV hasta que caiga un trabajo ideal para mi.

Un abrazo

PD: Estoy muy a gusto de compartir mi CV o Linkedin, a pesar de mis bajos ánimos sigo estudiando Go y ahora estoy viendo como hacer un SDK de integración con Mercado Pago. A pesar de aun no mandar mi CV a Mercado Libre ya lo haré",neutral
"La Universidad Diego Portales (udp) es buena para ingeniería civil industrial en 2024? Hola gente, este año son los resultados y periodos de matriculas, pasa que yo quería quedar estudiando ing civil ind. en la Usm o Usach, ya que la Puc o la U de Chile las veía muy lejos, bueno al final me quede muy cerca de la Usm y de la Usach, pero igualmente quede en la Diego Portales, ya me matricule, pero no estoy muy seguro si me arrepentiré de no haber esperado otro año y entrar en una U mejor, ustedes que opinan?",neutral
"¿Ingeniería civil informatica o informática?, Universidades y futuro Hola, estoy entre esas dos carreras pero cuál sería rentable, también estoy entre UNAB, PUCV y USM, por conveniencia de cercanía la UNAB es mejor muchísimo pero ví que no era tan buena comparada con las otras 2 pero también no es tan demasiado lejos pero me preocupa un poco ( mucho ) el horario pero también la malla de la carrera, por el inglés UNAB y PUCV me conviene pero en la USM aunque no esté no dudaré en estudiarlo en mis tiempos libres (si es q tendre), por gustos de la malla la PUCV y USM, la UNAB no me disgusta pero no sé mucho la verdad, sobre el futuro no sé mejor me pegó un tiro.",neutral
"USM O PUCV? Buenas, me interesa estudiar ing civil química pero debato entre la usm y la pucv.
Soy súper responsable y tengo habitos de estudio, me gusta estudiar y no me interesa carretear ni salir. Igual me puedo adaptar súper al momento de tratar con gente.
Vale la pena lo difícil de la usm al momento de encontrar trabajo ? o es igual q la pucv
Por campus me voy mil veces a casa central de la usm, av brasil me da tristeza jajdjsjk perooo😭 tendré gratuidad (99%segura, si no no estudio) y no me puedo dar el lujo de demorarme ni un semestre de más en la carrera. 
 Ayudaa denme sus opiniones para alguien ⏹️ como yo",neutral
"Ing Civil Informática + licenciatura en Ing mecánica?   

Buenas, un poco de contexto, estudio ing civil mecánica en la usm, voy en 4to año pero me di cuenta que no quiero dedicarme a esto por lo que estoy gestionando el cambio a ing civil informática. La cosa es que me quedé a un par de ramos de obtener la licenciatura en ingeniería mecánica que te dan al terminar todos los ramos hasta el cuarto año y bueno tengo la posibilidad de rendir esos ramos que me faltaron como asignatura libre mientras estoy en informática por lo que podría a la larga titularme como ingeniero civil informático + licenciatura en ingeniería mecánica. Mi inquietud es si esto tiene peso como tal en el mundo de TI, si realmente es un plus, si solo servirá para sectores específicos o si hasta puede ser contraproducente. Si me pueden brindar un poco de su experiencia lo agradezco de antemano. ",neutral
"Espero mi título? Hola, comunidad de IT en Chile!

Soy mexicana y en mi país estoy estudiando Ingeniería en Computación, específicamente terminando el semestre 7/10, y uno de ellos lo estudié de intercambio en la Universidad Técnica Federico Santa María sede San Joaquín. 

Desde que volví la universidad me ha desmotivado un montón, el nivel de exigencia que tengo se queda cortísimo comparándolo con el que tuve en la USM y por ende los conocimientos que estoy adquiriendo también. Soy la segunda generación de una nueva malla curricular y los profesores de los últimos semestres no son expertos en su ramo y se nota, además de que cancelan clases con tanta frecuencia que he asistido a clases la mitad del tiempo que correspondía, y cuando hay clase me hacen recordar a la secundaria porque dejan actividades en plan ""haz un resumen"", ""haz un mapa conceptual"", etc.

Tengo una relación formal con un santiaguino desde hace años, y la idea es casarnos e irme a vivir a Chile cuando termine la universidad, pero la espera me está pareciendo taaan lenta por la poca motivación que tengo, y estoy dudando que valga la pena tener esta educación tan precaria solamente por esperar un título, un papel.

Intento justificarlo que aparte de ""esperar"", aprovechando el tiempo libre que me está dando la universidad puedo seguir aprendiendo por mi cuenta, crear mis propios proyectos, prepararme para ser buena candidata a un puesto de trabajo específicamente en la industria IT en Chile. 

Qué me pueden decir ustedes sobre el peso que tiene un título universitario en IT en Chile? Es simplemente un papel que muchas veces ni siquiera toman en cuenta, o de verdad aporta y hace la diferencia, ya sea para aumentar las posibilidades de conseguir un trabajo o para aspirar a mejores sueldos? 

Gracias!",negative
"Diplomado v/s certificación Hola! Llevo casi tres años trabajando en una empresa como desarrollador junior. Cada año, una empresa externa realiza un ethical hacking a nuestros sitios, y me ha correspondido mitigar las vulnerabilidades encontradas. Ya ha pasado harto tiempo desde que salí de la U, el tema de la ciberseguridad me interesa y estoy pensando en estudiar este año. Ante esto, he visto algunos diplomados (UC, USM) que se ven interesantes, pero son enfocados en gestión. Por otra parte, estuve viendo OSCP que, si bien es medianamente caro, está bien visto en varias fuentes. Ante esto ¿Qué recomienda la comunidad? ¿Alguien ha pasado por una situación parecida? Mi interés está en seguir desarrollando, pero con un foco claro en la ciberseguridad, y en algún futuro liderar equipos de desarrollo bajo esa perspectiva. Los leo!",neutral
"Estoy preocupado Les cuento, soy estudiante con gratuidad y entré a ing civil informática en la usm, consideré civil eléctrica por su mejor empleabilidad y menor saturación, sin embargo la dificultad y duración promedio me asustó, era como en promedio 10 años en la usm, no me puedo permitir pagar más de lo que cubre la gratuidad así que entré a informática, últimamente he visto que el panorama laboral para informática está complicado, y me preocupa el no tener algún retorno económico de todo el esfuerzo que invertiré en estos 5 años. Tan mal está el panorama? Que sería una expectativa realista para cuando salga? en mifuturo.cl sale que informática tiene empleabilidad del 96% y 2.5M al 4to año, sin embargo en todos los grupos de informáticos dicen que está difícil encontrar pega y que pagan cada vez menos, ahí no sé a quién creerle. Que opinan al respecto? ",negative
La utem es buena en ingenieria civil en informatica / ciencias de datos? O me preparo para la U. De Chile/ Catolica o la USM?,neutral
"¿Es la USM tan terrible como la pintan? Tengo bastantes amigos y conocidos que se han ido de esta por ser ""artificialmente difícil"", cosa que me preocupa. Estoy cambiándome de una carrera en una universidad que ya era bastante exigente e inflada por su dificultad y que, en mi opinion, no se evaluaban conocimientos ni profundidad, sino que factores como el azar o el profesor que te tocaba terminaban influyendo más de lo que deberían.

Claramente no me gustaría repetirlo si es que la calidad de educación no va a ser sustancialmente superior a otras universidades de la zona.

¿Cuáles son sus experiencias en la USM en la carrera de informática o afines? ¿Creen que es posible solventar la carga académica con viajes largos (vivo lejos de la facultad)? ¿Alguna otra universidad en la 5ta región que recomienden?",negative
"qué estudiar hola reddit, vengo con dudas para saber que estudiar con 22 años creen que valga la pena estudiar técnico en informática?? precisamente en la USM o es mejor el tec.analista programador de esa U,, mas que todo amo programar en código así que quisiera enforcarme en eso, lo que si como es el tema de los sueldos? son buenos o aceptables ? (si alguien tiene algún ejemplo estaría bien) 

mi idea es sacar la ing después pero donde podría convalidar? y creen que sería muy tarde? gracias 🙏🙏",neutral
"Universidad de stgo&gt;universidad de region?  Hola buenaas, presento mi caso: tengo 18 años, doy la Paes ahora en 1 semana mas y tengo la gran duda de donde estudiar.

me gustaria estudiar ingenieria civil electrica y tengo algunas universidades en la lista las cuales son : usm san joaquin, usm en valpo, pucv, unab stgo. 

Mi duda viene debido a que, calculando ponderaciones con mi caga de nem(628) casi que la usm en stgo es descartada y me quedaria estudiar la carrera en valpo, ya sea en la usm o pucv, perooo tambien esta la opcion de la unab aca en stgo, entonces me gustaria pedir consejos, sobre si conviene irme a valpo solo con todo lo que eso significa monetariamente ya que la carrera de por si es cara, o quedarme en santiago estudiando en la unab. Ademas no hay mucha info de la carrera en la unab y me gustaria saber que tal es, los laboratorios etc.. 

Y bueno cualquier opinion, ayuda, critica es bien aceptada, me gustaria saber otros puntos de vista sobre como actuar. ",neutral
"Universidad de stgo&gt;universidad de region?  Hola buenaas, presento mi caso: tengo 18 años, doy la Paes ahora en 1 semana mas y tengo la gran duda de donde estudiar.

me gustaria estudiar ingenieria civil electrica y tengo algunas universidades en la lista las cuales son : usm san joaquin, usm en valpo, pucv, unab stgo. 

Mi duda viene debido a que, calculando ponderaciones con mi caga de nem(628) casi que la usm en stgo es descartada y me quedaria estudiar la carrera en valpo, ya sea en la usm o pucv, perooo tambien esta la opcion de la unab aca en stgo, entonces me gustaria pedir consejos, sobre si conviene irme a valpo solo con todo lo que eso significa monetariamente ya que la carrera de por si es cara, o quedarme en santiago estudiando en la unab. Ademas no hay mucha info de la carrera en la unab y me gustaria saber que tal es, los laboratorios etc.. 

Y bueno cualquier opinion, ayuda, critica es bien aceptada, me gustaria saber otros puntos de vista sobre como actuar. ",neutral
"Que harían en mi lugar? Buena cabros, falta menos de dos semanas para la paes, y tengo 3 opciones (no están en orden):
-Ing civil informarica (en la USM)
-Ing ejecución informática (en la USM)
-Ing civil en informática y telecomunicaciones (en la UDP)
En caso de que no me alcance para la primera, a cual de las otras dos se irían?, varia mucho el sueldo y la empleabilidad entre ambas? cacho sobre programación y todo, pero cacho muy poco sobre cómo desempeñarse laboralmente, que me recomiendan?",neutral
"UNAB o USM para Ing. Civil Informática  Hola, me llama muchísimo la atención estudiar Ing. Civil en Informática, pero tengo dudas sobre estas dos universidades, la USM o la UNAB. Ambas opciones me gustan, pero mi familia prefiere a que me vaya a la USM ya que para ellos, la UNAB no tiene un prestigio. 

Quiero aclarar que me puedo costear una universidad privada, aunque también tengo la gratuidad de la USM. 

Mi principal duda es que si la UNAB tiene buen reconocimiento a la hora de las entrevistas laborales, sobre todo a la hora de realizar practicas o al buscar trabajo. Mi familia me recalca que la UNAB no tiene la misma reputación que otras universidades tradicionales. (Como la UC y la U. de Chile)

He hablado con amigos que estan en la USM y me dicen que la malla de la UNAB como la Universidades son buenas a comparación de su universidad, pero sobre pienso demasiado en eso.

Igual, se que los tiempos cambiaron y de vez en cuando no importa tanto de que universidad saliste y tal (algunos trabajos si importan, pero pienso que solo el 40%).

Por otro lado, no me interesa la U. de Chile ni la UC por sus mallas.

Igual le explicado mucho a mi mamá de como funciona la UNAB y tal, pero insiste que vea la USM.

Espero que me ayuden, muchas gracias de antemano.",neutral
"Consejos de informatica ola bom dia, bueno gente la verdad es qué me tinca estudiar esta carrera en un tiempo más (3 años por que ahora estoy sacando una carrera que me tinca harto pero por gusto netamente no ingresos ni nada) concretamente éste es el camino que pienso seguir, si alguien me aconseja u otra cosa estaría muy agradecido de alguna recomendación 🙏

bueno primero pienso sacar posterior a esta carrera que no pienso laburarla ya que es por gusto hajajsjjs sacar un técnico en informática, pensé en la USM (quisiera más salir de una U en éste caso) e ir puliéndome estos años para que no sea tan complicado al momento de estudiar,, vi la malla y no soy tan bueno en las matemáticas; programación la estudio de forma autodidacta ( actualmente empecé con coursera con el de la catolica en python) y en ingles estoy certificado con B2, igual pienso sacar más niveles posteriores y por ahora me visiono en esto. 

alguna recomendación de que más aprender? me apasiona el código y es lo que más me gustaría hacer pero en distintas cosas, eso gracias!! ",neutral
"Que harían ustedes? Buena cabros tengo una duda, y ante mi conocimiento limitado en el rubro quería saber que opinan personas que ya llevan su años en esto. Sucede que entro a estudiar el próximo año y después de pensarla harto estoy entre dos carreras, ing comercial o ing informática (o civil informatica, no comprendo mucho la diferencia), que harían en mi caso? estudiar ing comercial en la chile y dsp especializarse en el área de la tecnología o estudiar ing informática (o civil informatica) de una ?. Si es ing comercial tengo en mente la Chile, y en informática a secas o civio tengo en mente la USM. Considerando empleabilidad a futuro y esos temas, que me recomiendan? Que perfil sería mas valorado en sus 6 años más? Muchas gracias de ante mano.",neutral
"Ayuda para escojer carrera informática Buenas gente, actualmente estoy sin estudiar, tengo 20 años, mis papas me dijeron que si o si debo entrar a estudiar en 2025, desde chico me ha gustado todo lo relacionado a la programación y los computadores, las matemáticas se me dan bien pero tampoco me considero un experto. Estoy al tanto de que informatica se esta saturando, sobre todo en el área junior, por lo que quiero entrar a una buena u, la USM me gusta harto, se que es exigente pero es la mejor a la que puedo asprirar postulando con la paes de historia (me fue super bien en esa, la de cs nunca la he dado ni la he inscrito). Pido disculpas por tantas vueltas, pero ya yendo al punto, considerando como esta el mercado y como podría estar la cosa en unos años más, ¿me recomiendan estudiar ing civil informatica en la usm o ing ejecución informatica en la usm? (la civil igual me da algo de miedo ya que he escuchado que varios no lo logran y yo cuento con gratuidad, no puedo permitirme estudiar sin gratuidad o quedar fuera), si estudió la ejecución tengo pensado en los dos años menos de duración que la civil, sacar certificaciones y cursos para especializarme en ciberseguridad o ia. ¿Que me recomiendan en base a su experiencia? Les agradezco mucho de ante mano por su tiempo 🙏.",neutral
"Pucv o Usn? wena los cabros, que tengan todos un hermoso dia.

mi problema es el siguiente, actualmente estoy en 4to medio y obviamente estoy en ese momento en el que debo decidir que cresta hacer en la u, yo desde siempre he tenido una afinidad por la programacion por lo que ahora mismo estoy planeando estudiar ing. en programacion o informatica y mis opciones son la Pucv, Ucn (principalemente pq he escuchado que son piolas y tengo familiares cercanos a ambas U, no cuento a la Usm pq he escuchado unas weas satanicas de esa u y valoro mi vida personal).

entonce, les pido porfavor a los estudiantes o egresados de esas dos u que me cuenten cual fue su experiencia, para asi tener un poco mas de nocion sobre a q me voy a meter.

hasta ahora mis preocupaciones son:

-profes desgraciadamente desgraciados

-carga o estres por los ramos

-relevancia de las materias para la actualidad

-influencia del titulo de cada universidad a la hora de buscar pega

-ofertas laborales durante el transcurso de la carrera

ejo noma cabro

muchas gracias!

",neutral
"Soy ing civil industrial y quiero entrar al mundo del desarrollo informático  Lo que dice el título. Tengo 28 años, 5 años de experiencia como industrial en startup y emprendimiento y estudié en la USM.
Como aconsejan hacer mi entrada al mundo del desarrollo informático?? Es por bootcamps? Ponerme a aprender con Youtube?",neutral
"Material primer año de civil informatica en la UTFSM Hola, alguien que estudie ingenieria civil informatica en la usm que tenga material del primer año que me pueda servir? me gustaria comenzar desde ya a estudiar los ramos mas dificiles para que no ahogarme estudiando. cualquier ayuda la agradecere enormemente. ",neutral
"Ing Informática &amp; Ing Telemática Buenas a todos. Tengo que recalcar que estoy entre insertar estas dos carreras en mis postulaciones y algo inseguro igual sobre cuál priorizar, podría entrar a las dos de lo más bien en la usm.

Me interesaba telemática por la combinación que se hace de programación, electrónica y teleco. Pero ya cuando me empezaron a llamarme de la uni me entraron dudas. El estudiante telemático con el que hablé me aclaró que tampoco tenía experiencias previas de electrónica antes de entrar y aún así aprendió bien hasta el cuarto año. Telemática para mí es una carrera amplia, lo cual es buenísimo, pero también me proyecto queriendo trabajar como developer algún día, él me dijo que la carrera me abría la oportunidad para poder desarrollarme como programador, por lo que no le podía envidiar nada a un informático, pero aún así estoy barajando entre postular solo a Info (estaría muy cómodo). 

Piensan que me arriesgaría si me meto a telemática? Tendría un telemático posibilidades de trabajar bien tanto nacional como internacionalmente? sabiendo que no se centra en una pura cosa (en este caso, programar) y es holísitica respecto a lo que enseña en TIC.

Cualquiera que pueda saber acerca de la carrera de Info, Teleco o la integración de ambos profesionalmente me encantaría recibir sus opiniones. No estoy desesperado por postular ahora y pronto aclararé más dudas en la feria del postulante que hacen allá. Gracias por leerme.",neutral
"Me hallo en un dilema Entre a la universidad este año a Ingeniería civil Informática. Estoy actualmente en el segundo semestre y repobre dos ramos lamentablemente por problemas externos a lo academico (problemas personales). Pero en fín, me he dado cuenta que mi universidad no realiza tantas actividades en pro de la programación, tampoco organizan muchas charlas (mas que online y son en gran parte seminarios de titulo) para incentivar al aprendizaje, o para oportunidades laborales a futuro.
Estaba pensando en cambiarme a la pucv o la usm, ya que soy de la quinta región y esas son las que mas me llaman la atención. Y mi dilema es...
¿Es realmente necesario? He leído de otros usuarios que el cartón no dice mucho y mas importa los cursos, experiencias, actividades que realices fuera de la universidad o adentro. No se que tan cierto sea eso. 
O de verdad pesa mucho mas el carton de estas universidades que por ejemplo en comparación con la Unab (Andres Bello) o UV (Universidad de valparaíso)? O es solo un desperdicio? 
Agradecería mucho sus respuestas, graxz.",negative
"Informática y Universidades Saludos, mi situación es que soy egresado de media del año pasado que se encuentra preparando la Paes para noviembre, tomarme el año fue al final buena opción porque pasé de no saber qué estudiar a querer perseguir algo (cosa que postee anteriormente y tomé los consejos), tuve la chance de reflexionar en qué habilidades podría potenciarme, de prepararme bien, hacer ensayos y conocer unis (rescato haber podido visitar la usm y la usach), tengo compañeros que estudian informática en esta última y me han dado un visto bueno (que es exigente y buena dentro de todo), y para postular la tendría como opción en civil informática, de ejecución, ciencias de la computación y mecatrónica.

Mi plan es que mis nuevos puntajes me ayuden para postular a civil, y en el caso de no quedar tantear entre ejecución, analista de computación, y en otros casos informática de la UDP o UAndes (considero igual que la usach tiene un plan de estudios para sacar el grado de civil informático si se viene de ejecución).

Consulté anteriormente sobre mecatrónica en la misma uni y estoy contento de haber recibido respuestas variadas, pero la mantengo como un plan b con el fin de buscar un punto medio entre mis intereses (robótica e informática), por el contexto especial que tiene esta carrera.

Mi tema es no sé cuál tener como ""segunda opción"" entre estas, considerando que mi goal es poder es prepararme para ser software developer, aprender robótica al menos de forma autodidacta y quizá trabajar algún día en un ambiente angloparlante; ya tengo de por sí un aprendizaje constante con el inglés y practico programación en mi tiempo libre. Si alguien de acá tiene experiencias con estas carreras o con el ambiente de esas unis espero puedan comentarme algo. Gracias por leer.  
",neutral
"Comercial usm, civil industrial unab o informática unab para Analytics? Lo del título, mi interés es roles de analítica más ligado a negocio, pero teniendo un dominio impecable del elemento técnico que un data analyst, bi o similar requiere para solucionar problemas en operaciones, producto, marketing, etc

Tengo esas 3 opciones de carreras, todas las sacaría en aprox 3 años (programas Advance)",neutral
"Ingeniería civil en computación mención informática en la UTEM o cambiarse de universidad Les cuento mi historia. Fui beneficiado pace y me dijeron que si me postulaba a la utfsm o la usach quedaría, pero no fue así y quedé en mi tercera opción que era la utem (que fue una u que puse para rellenar). Pero me dijeron que era muy buena universidad igual además que un tío salió de ahí y hoy tiene un puesto importante y decidí quedarme.

Ya terminé mi primer año en esa u y la verdad es que me sorprendió su exigencia y quitando algunas cosas como la infraestructura es mejor de lo que creí. Sin embargo ¿Creen que me sale mejor cambiarme de universidad? ¿En esta carrera importa el lugar del que uno sale? ¿Que se debe hacer para cambiarse?",positive
"Dudas sobre estudiar Ing. Civil Informática. TLDR: ¿Dónde estudiar Ing Civil Informática?, ¿qué tan posible es?, ¿Ramos malditos?, ¿Necesito ser un genio para las ciencias?, *y demás preguntas de un estudiante de 4to medio angustiado por la PAES.*


Hola!, estoy en plena época de tomar decisiones vocacionales y me he interesado mucho por la carrera de Ing. Civil Informática, pues desde pequeño siempre me han gustado las matemáticas y la programación. Ahora, la cosa es que tengo dudas sobre qué tan distinto es estudiar en la casa central de la utfsm del campus San Joaquín, cómo es el ambiente social, relación alumno profe, calidad de las instalaciones, irregularidades, y en general si me conviene o no. Mi otra opción era la U. de Chile (Beauchef), pero no estoy seguro si me va a dar el puntaje y la malla no me gusta tanto. Aprecio cualquier consejo que me ayude a entender mejor el mundo de las universidades, y que tan posible es sobrevivir en estas. Y por último, ¿es fundamental ser un genio para física, química y biología?, siempre he tenido problemas en esos ramos, y me da miedo llegar a dar pena a la U, me gustaría saber con qué nivel aprox hay que llegar a la U para pasar esos ramos, así me pongo a estudiar ahora mismo jajaja

Lo siento lo disperso pero tengo muchísimas dudas y me gustaría tomar la mejor decisión posible a la hora de entrar a la U, gracias por adelantado!!",neutral
"Ingeniería Informatica o Ingenieria Civil Telematica? Buenas, 

Mi principal consulta es como indica el titulo, ¿Qué sería mejor, estudiar Ingeniería Informática o Ingeniería Civil Telemática?

El foco de mi pregunta va dirigido principalmente al quehacer de ambas carreras, si bien las dos son similares en algunos aspectos, no me queda muy bien a que podría dedicarse el telemático. Hace poco revisé la malla de la que se imparte en la UTFSM y vi ramos de informática, electrónica y telecomunicaciones. 

Entonces si estudio telemática:

\- ¿Puedo dedicarme a gran parte de las áreas de la informática mas, algunas de telecomunicaciones?, 

\- ¿Qué haría el telemático que un ingeniero puro de las dos ingenieras anteriores no? 

\- ¿Podría aumentar las oportunidades laborales al tener conocimientos de varios ámbitos, o reducirlo por no estar especializado derechamente en algo?

\- ¿Cuál sería la mejor entonces para poder encontrar trabajo y poder desarrollarme profesionalmente con mas soltura?

Y para aquellos que están estudiando/estudiaron la carrera, especialmente si es en la UTFSM,

\- ¿Qué tan difícil fue? y ¿Cómo es el ambiente en la universidad?

Gracias de antemano para todos aquellos que se den el tiempo de responder.

",neutral
"Creen que valga la pena meterse a esta carrera solo por la plata y no por el gusto? Recién me matriculé en química y farmacia en la Chile porque me encanta la química, la biología y me gustaría trabajar en el área de la salud o las industrias farmacéuticas, además de que leí que el campo laboral es amplio y los sueldos suelen ser buenos. Pero he estado con una crisis vocacional tremenda desde que me matriculé, siento que debí haber tomado el riesgo de meterme a ing informática en la usach o la utfsm (Me alcanzaba para las dos) para poder salir ganando plata altiro. No me metí a esas carreras pq sé que la utfsm hace mierda a sus estudiantes y la usach creo que pasa en paro y a cada rato va perdiendo prestigio como universidad, aparte de que soy bien más o menos nomás cuando se trata de las matemáticas y la física, si me fue bien en la paes (Que me fue la raja, saqué 993 en la M1) siento que solo fue pq la prueba parecía un chiste, una prueba hecha perfectamente para cabros de octavo básico. Y en cuanto a programación, lo intenté un par de veces y soy un asco para eso, varias veces hasta hice que mi compu empezara a echar aire como loco y marearse porque ponía mal los códigos HWHWHWB.

Leí harto que para sacar una ingeniería basta más el ser constante en el estudio y disciplinado que ser el wn más seco en las matemáticas, pero aún así me dio susto porque yo metiéndole horas diarias de esfuerzo a esos ramos seguía siendo una wna bastante mediocre y tirando a penca xd, así que decidí irme por el lado más de química y biología que son cosas en las que soy buena y me gustan. 

Pero a veces me da un susto horrible de haber tomado una mala decisión, veo muchos de por acá que parten ganando buena plata y de ahí en re poco tiempo ascienden a sueldos de incluso 5 palos, y yo con mi carrera también partiría ganando buena plata pero me tomaría más tiempo y esfuerzo llegar a un sueldo así. Siento que debí haber tomado el riesgo y por último meterme a la usach y sacar la ingeniería, aún estoy a tiempo de retractarme de esta carrera y quizá convencer a mi mamá de cambiarme a informática en la usach (Dudo poder convencerla, pero se puede hacer el intento abbs). Sin embargo, no sé si valga la pena cambiarme a esa carrera que no tiene nada que ver con mis gustos y solo por la plata, ¿Alguien de aquí se metió a esta carrera por este motivo?, ¿Valdría la pena? Cualquier consejo que me puedan dar se los agradecería mucho.",neutral
"Opciones para estudiar informatica. Holaa, esta es la primera vez que posteo en reddit y la verdad es que este tema me tiene bastante acomplejado, pasa que entrando este año necesito estudiar si o si y me ire por la informatica, pero por temas de ptje no me da para una u top como la puc, usach, utfsm ni nada así, estuve revisando dentro de mis posibilidades y las u que mas se adaptan al perfil de egreso que busco, son la autonoma, la umayor, la udp, la uft y la ubo, ya que estas tocan mas los temas de desarrollo de software, ciberseguridad y analisis de datos en general.

¿alguien podria asesorarme sobre estas opciones, alguien que estudie o haya estudiado la carrera en una de estas instituciones o que solo sepa sobre ellas?

¿o que otras universidades recomiendan en las que se enseñen en su mayoría estos 3 temas?(desarrollo de software, ciberseguridad y analisis de datos) (y obviamente que no sea tan exigente en admisión, ya que en la mayoría de las universidades pondero entre 580-600 aprox), añado también que debe ser una u adscrita a gratuidad, ya que no puedo permitirme pagar una carrera, ni el cae.",negative
"Data Science viniendo de Astronomía Buen día gente, este es mi caso. Estudié Astronomía en la UDEC, estoy en las últimas, ya saqué la licenciatura y estoy a nada de terminar la tesis. Me gusta la programación a pesar de solo saber Python por ahora, y lo usé toda la tesis para analizar datos astronómicos. A pesar de que me gusta mucho mi carrera, sé que la realidad es 95% probable que nunca pueda ejercerla y sacar un sueldo decente (el camino de la academia es larguisimo y veo que muchos con ene titulos y postgrados no tienen pega), lo que no sería un problema si mi familia fuera acomodada pero no es el caso.

Por ello, me picó el bichito de la idea de irme por el Data Science como alternativa. Estaba viendo y vi que la utfsm tiene un técnico que por malla se ve re piola, además pregunté y me podrían convalidar uno que otro ramo. ¿Creen que sea buena idea o debería irme por alguna otra alternativa? Con esto no espero ser millonario instantáneamente, solo poder ejercer algo minimamente relacionado a lo que estudié y que me de algo para vivir, luego ir creciendo si se puede. Estoy abierto a cualquier sugerencia, y muchas gracias a quienes leyeron hasta acá. Adjunto la malla de la utfsm para ver que opinan.",neutral
"Consulta para Data Analyst/Engineer Estimados, les quería pedir sus aportes, ideas o experiencias acerca de cómo me puedo convertir en un Data Analyst o Engineer. Ahora mismo estoy cursando la práctica, estudie el técnico de analista programador computacional, en instituto, y mi idea es, trabajar para poder pagar mis estudios. La idea era completar la ingeniería, pero me di cuenta que me interesa mucho más la ciencia de datos, pero no tengo muy claro cómo poder estudiar. 

Se que las opciones reales son estudiar en una universidad o en un instituto. La primera no sé si sea muy viable para mi, porque por lo que vi, en las universidades (mayor, uc, uc de valpo, utfsm) aparte de tener un arancel muy alto, se estudia en modalidad diurna, por lo que creo se me complicaria trabajar para poder costearla. Por otro lado el insituto es más conveniente por lo mismo, poder estudiar de manera vespertina mientras trabajo. 

¿Son realmente esas las únicas opciones ? ¿Cómo se convirtieron ustedes en Data Analyst/Engineer? ¿Qué harían ustedes en mi lugar? 

Les agradezo de ante mano cualquier consejo, experiencia, aporte. ",neutral
"¿Vale la pena un magíster en ciencia de datos o mejor certificaciones y proyectos? Saludos a todos, les pido su opinión sobre mi situación:

Me licencié recientemente en Astrofísica en la UTFSM. Lo más útil que aprendí para lo que quiero hacer hoy fue matemáticas, estadística básica y Python. No quiero seguir en la investigación, sino que quiero hacer la transición al mundo de los datos, buscando roles como analista de datos, analista BI, cientista de datos junior, trainee o practicante.

Postulé y fui aceptado en el Magíster en Ciencia de Datos de la PUC, pero el precio me parece exorbitante, y no estoy convencido de que la calidad sea superior a lo que se puede encontrar gratis o a bajo costo en plataformas como Coursera, EdX o Udemy. Como sé inglés, he estado considerando programas en otros países, algunos online (como el OMSCS de Georgia Tech o el MCSO de Texas Austin) y otros presenciales en Europa, que resultan más baratos y en universidades mejor posicionadas que la PUC.

Sin embargo, he visto en Reddit muchas opiniones que dicen que un magíster es un malgasto de dinero y que es más conveniente invertir en certificaciones específicas según las habilidades que demanda el área en la que se quiere trabajar.

Por otro lado, sé que lo básico para postular a cargos como analista de datos o analista BI es dominar Excel, SQL, Tableau o Power BI, y Python o R, además de contar con un portafolio en GitHub u otros servicios en la nube.

¿Qué opinan? ¿Vale la pena un magíster en ciencia de datos o es mejor enfocarse en certificaciones y proyectos? Y en ese caso, ¿qué tipos de proyectos podrían llamar la atención de los reclutadores en estas áreas?",neutral
"Técnicas y técnologías para estudiar y aprender mejor? Ingresé a estudiar Técnico en Informática en la UTFSM de Concepción, comienzo en Marzo. Ya he intentado estudiar Informática antes, en la UdeC, con resultados desastrosos y mucho dinero perdido. Esa vez me sucedió con 18 - 19 años (por inmadurez y por lo que a mi parecer en ese entonces era una enseñanza un poco arcaica), ahora con 26 creo que estoy más preparado en términos de madurez, lo que hace que quiera sacarle el máximo provecho a esta segunda oportunidad. 

Me he estado preparando desde Diciembre del 2024, estoy estudiando Desarrollo Web porque es a lo que me gustaría apuntar en mi futuro laboral, pero entiendo que la carrera me va a brindar un espectro más amplio y sobre todo los fundamentos de la computación/programación, etc. No estoy estudiando tanto por el hecho de aprender HTML, CSS, JS u otra cosa, sino que para *Aprender a aprender*. No sólo la habilidad de programar si no de obtener un buen desempeño en mi currículo académico.

Mis conocimientos en Matemáticas no son mi fuerte, es algo que siempre me ha costado y que he tenido que reforzar constantemente, sumemos ahora que debo aprender a programar, es decir, solucionar problemas desde la abstracción y me tiembla la pera un poquito.

Recurro a uds. entonces, para consultarles:

¿Como puedo enfrentar estos próximos 2 añitos para estudiar de forma efectiva y aprender e integrar de mejor manera los conocimientos?

[Agradezco de antemano!](https://i.redd.it/afy2jbbbh0fe1.gif)",neutral
"Técnicas y tecnologías para estudiar y aprender mejor? Ingresé a estudiar Técnico en Informática en la UTFSM de Concepción, comienzo en Marzo. Ya he intentado estudiar Informática antes, en la UdeC, con resultados desastrosos y mucho dinero perdido. Esa vez me sucedió con 18 - 19 años (por inmadurez y por lo que a mi parecer en ese entonces era una enseñanza un poco arcaica), ahora con 26 creo que estoy más preparado en términos de madurez, lo que hace que quiera sacarle el máximo provecho a esta segunda oportunidad.

Me he estado preparando desde Diciembre del 2024, estoy estudiando Desarrollo Web porque es a lo que me gustaría apuntar en mi futuro laboral, pero entiendo que la carrera me va a brindar un espectro más amplio y sobre todo los fundamentos de la computación/programación, etc. No estoy estudiando tanto por el hecho de aprender HTML, CSS, JS u otra cosa, sino que para *Aprender a aprender*. No sólo la habilidad de programar si no de obtener un buen desempeño en mi currículo académico.

Mis conocimientos en Matemáticas no son mi fuerte, es algo que siempre me ha costado y que he tenido que reforzar constantemente, sumemos ahora que debo aprender a programar, es decir, solucionar problemas desde la abstracción y me tiembla la pera un poquito.

Recurro a uds. entonces, para consultarles:

¿Como puedo enfrentar estos próximos 2 añitos para estudiar de forma efectiva y aprender e integrar de mejor manera los conocimientos?

¿Me puedo apoyar de alguna tecnología sea software o hardware, más allá de The Odin Project, freeCodeCamp, udemy / iPad, Tablet, eReader u otro?

[Coming Soon - March 2025](https://i.redd.it/gnhzywtzh0fe1.gif)",neutral
"Dudas sobre Ciberseguridad y como entras Hola, soy egresado de ICI hace unos años y me motiva el tema de la Ciberseguridad solo que mi U no tenia tanto contenido al respecto en su malla ni en cursos electivos, tome si pese a todo un curso electivo de intro a la Ciberseguridad que explicaban cosas basicas sobre encriptacion, codificacion, keys y firmas digitales y algo se hablo de maquinas Kali pero no negare que por darle prioridad a otros ramos no pude meterme tanto al tema de las maquinas Kali.

  
Dado lo anterior estoy pensando en entrar mas al mundo por que me interesa harto y por que quiero expandir mis conocimientos laborales mas alla de lo que hago ahora que es software development pero no estoy muy seguro de donde empezar, he visto un Bootcamp en CodingDojo, un diplomado de Ciberseguridad en la UC y en la UTFSM o simplemente internet y youtube apañarian?

P.D:  Fui ayudante de redes de computadores y sistemas distribuidos y he leido q esos conocimientos igual apañarian en Ciberseguridad, que tan asi es?",neutral
"Licenciatura en Ingeniería en Ciencias de la Computación PUC o Ingeniería Civil Informática en la UTFSM?? Debo elegir entre hoy y mañana a las 13:00 que a que opción postular primero.  
  
Quiero ser capaz de usar motores gráficos en el caso de que me interese hacer simulaciones /juegos, ser capaz de trabajar en el extranjero desde chile o yendo fuera de chile, como también ser capaz de trabajar aquí, según he leído cuesta conseguir trabajo solo con la licenciatura aquí en Chile ¿es eso cierto?.  
  
Quiero ser capaz de entrenar una IA por mi cuenta o con un equipo reducido donde lidere yo, ser libre de viajar y trabajar al mismo tiempo, cosas de ese estilo, poder trabajar aquí en Chile de quererlo. Si yo quisiese sacar la Licenciatura, tendría que sacar un Magister para equivaler a un Ingeniero Civil?, después de tener ese magister podría trabajar tranquilo aquí en Chile y hacerme llamar ""ingeniero"" xd? ya que después de todo sería solo un licenciado y me da la impresión de que sería mirado en menos.

Me pregunto también si es que si estudio una Ingeniería tendría la ""mente de Ingeniero"" como he escuchado decir a gente mayor jaja.

Empezaré a estudiar desde 0 en alguna universidad y ya sé inglés, pero no inglés técnico así como para ingeniería.

Entiendo que la opción más sólida sería ir a ingeniería civil informática en la UTFSM por tener el título, ser una universidad bastante buena y con reconocimiento al menos dentro del país, tendría asegurado que no me voy a morir de hambre digamos.",neutral
"Tengo casi 5 años de experiencia de dev y me metí a estudiar un Tecnico en programación computacional. ¿Qué sigue? Saludos cordiales a todos. Como dije, voy a cumplir 5 años trabajando de programador, mi primera chamba full time (años atrás trabajé pick time haciendo mejoritas a unos script de monitoreo en un server). Pero, no terminé la U, la dejé tirá (el peor cagazo de mi vida). Y ahora me matriculé pa un técnico, están piola los ramos. Mi duda es, conviene la ingeniería informática? Igual es mas carita que el técnico. Y puta, tendrá relevancia si la saco en la usach o federico santa maria vespertino u online? O la saco en cualquier U no más?",neutral
"Duda sueldo referencia Holaa, escribo esto por que me gustaría saber aprox cual es, en promedio, el sueldo recien egresado de un ingeniero civil informático de la Federico Santa Maria. Voy recién en segundo año de la carrera, y me han dicho q el sueldo recién egresado es bueno, pero me gustaría alguna referencia para hacerme la idea, y plantearme si quiero un futuro acá, o directamente irme a trabajar al extranjero.
Gracias",neutral
"Sansanos en IT Hola, experiencias de sansanos o con sansanos trabajando en IT? Estoy estudiando civil informática y me interesa saber lo siguiente:

Cuanto empezaré ganando
Como les va a los sansanos buscando pega o practica
Si debería cambiarme a ingeniería en informática nomas para hacerla mas corta xd

Se que dependerá el caso, pero es más o menos para tener una noción general.",neutral
